{"images": {"indoor_1.jpg": {"road": 45.442708333333336, "sidewalk": 0.5133101851851852, "building": 43.625, "wall": 0.0, "fence": 0.0, "pole": 0.0, "traffic light": 0.0, "traffic sign": 0.0, "vegetation": 0.0, "terrain": 0.0, "sky": 0.0, "person": 10.418981481481481, "rider": 0.0, "car": 0.0, "truck": 0.0, "bus": 0.0, "train": 0.0, "motocycle": 0.0, "bicycle": 0.0}, "test3.png": {"road": 36.807062176745575, "sidewalk": 5.24919341804257, "building": 26.131817870996617, "wall": 0.0, "fence": 0.623546909190372, "pole": 2.12807868758703, "traffic light": 0.4138200591804257, "traffic sign": 0.18284078476228366, "vegetation": 9.36291681171673, "terrain": 0.00015541078177839666, "sky": 0.10416407648697036, "person": 4.6118926546648105, "rider": 0.0, "car": 9.821922555699224, "truck": 0.0, "bus": 0.3547251094091904, "train": 0.0, "motocycle": 3.3804564725482393, "bicycle": 0.8274070021881839}}}