{"images": {"indoor_1.jpg": {"road": 45.442708333333336, "sidewalk": 0.5133101851851852, "building": 43.625, "wall": 0.0, "fence": 0.0, "pole": 0.0, "traffic light": 0.0, "traffic sign": 0.0, "vegetation": 0.0, "terrain": 0.0, "sky": 0.0, "person": 10.418981481481481, "rider": 0.0, "car": 0.0, "truck": 0.0, "bus": 0.0, "train": 0.0, "motocycle": 0.0, "bicycle": 0.0}, "test_256x512.png": {"road": 46.40570455155746, "sidewalk": 0.521952201933405, "building": 32.59809680451128, "wall": 0.0, "fence": 0.033775845864661654, "pole": 0.056013359291084856, "traffic light": 0.010908968850698173, "traffic sign": 0.11853014232008593, "vegetation": 9.843666084854995, "terrain": 0.0, "sky": 0.09943944683136413, "person": 7.5823627148227715, "rider": 0.0, "car": 2.7276617883995704, "truck": 0.0, "bus": 0.0, "train": 0.0, "motocycle": 0.0, "bicycle": 0.0018880907626208378}}}