{"images": {"indoor_2.jpg": {"road": 9.06524658203125, "sidewalk": 1.3427734375, "building": 80.5511474609375, "wall": 0.0, "fence": 0.0, "pole": 1.67999267578125, "traffic light": 0.0, "traffic sign": 0.0, "vegetation": 0.0, "terrain": 0.0, "sky": 0.0, "person": 4.39453125, "rider": 0.08544921875, "car": 0.0, "truck": 0.0, "bus": 0.0, "train": 0.0, "motocycle": 2.65350341796875, "bicycle": 0.22735595703125}, "test3.png": {"road": 38.71417045593262, "sidewalk": 8.322477340698242, "building": 41.17574691772461, "wall": 0.0, "fence": 0.0, "pole": 1.390695571899414, "traffic light": 0.013685226440429688, "traffic sign": 0.4733562469482422, "vegetation": 2.0613670349121094, "terrain": 0.0, "sky": 1.9871711730957031, "person": 0.32706260681152344, "rider": 4.76837158203125e-05, "car": 5.534219741821289, "truck": 0.0, "bus": 0.0, "train": 0.0, "motocycle": 0.0, "bicycle": 0.0}, "indoor_1.jpg": {"road": 35.447612784786664, "sidewalk": 5.88117740330949, "building": 26.107908772861165, "wall": 0.0, "fence": 0.6998984032292531, "pole": 2.401173095074263, "traffic light": 0.4669072995862823, "traffic sign": 0.18241939122434145, "vegetation": 8.548910103492055, "terrain": 0.00017620805720776765, "sky": 0.09722279556438579, "person": 4.430158476222932, "rider": 3.7640307234934048e-06, "car": 10.563540873562765, "truck": 0.0, "bus": 0.40219489057672964, "train": 0.0, "motocycle": 3.832950494965991, "bicycle": 0.9377452434557553}, "test2.png": {"road": 38.89124224053161, "sidewalk": 4.065387318621917, "building": 16.932941544028477, "wall": 0.279815700192424, "fence": 6.948894564368475e-05, "pole": 1.1658278813715577, "traffic light": 4.63565794862421e-05, "traffic sign": 1.1873158421579346, "vegetation": 28.688227554324513, "terrain": 1.7105993542137283, "sky": 3.270310951609686, "person": 0.3093163233113622, "rider": 4.074132937522457e-06, "car": 3.35011232451928, "truck": 0.0, "bus": 3.9931651166090234e-05, "train": 0.0, "motocycle": 0.0005070567038155188, "bicycle": 0.1482360571044846}, "test1.png": {"road": 38.71241473113017, "sidewalk": 8.321729950413644, "building": 41.17496271918885, "wall": 1.3340107906379628e-05, "fence": 6.948894564368473e-05, "pole": 1.3908044254572343, "traffic light": 0.013728973267892536, "traffic sign": 0.47334069398520723, "vegetation": 2.0631903681188724, "terrain": 8.156967251034623e-05, "sky": 1.9869577856333471, "person": 0.32762337839271416, "rider": 5.174875554520989e-05, "car": 5.534372833913087, "truck": 0.0, "bus": 3.993165116609023e-05, "train": 0.0, "motocycle": 0.0005070567038155186, "bicycle": 0.00011100466239971556}, "outdoors_009_1280.jpg": {"road": 24.105019510794595, "sidewalk": 0.7917006451466122, "building": 0.01570858296051915, "wall": 2.1344371692015387e-05, "fence": 5.339638103645461e-05, "pole": 0.0006123851634547371, "traffic light": 3.770863544768705e-05, "traffic sign": 0.00017668927168843187, "vegetation": 75.08055938641706, "terrain": 0.00013049814449902618, "sky": 0.0005599961228613721, "person": 0.0007466468846260161, "rider": 6.5259470858994305e-06, "car": 0.0025156763317674335, "truck": 0.0, "bus": 0.0015559810615781537, "train": 0.0, "motocycle": 0.0004948411671129673, "bicycle": 0.00010018519835428825}}}